{
    "loss": 2.978726863861084,
    "accuracy": 0.4313725531101227
}